bert,chatgpt,spacy
0.0069000000000000025,0.036699999999999955,0.036499999999999984
0.12336671661671657,0.7918882053618894,0.7498587580719935
0.12701356976356976,0.699369612843297,0.6895277704751389
0.12291174530623733,0.7196617554272349,0.7019123740896183
